Name18,190030018,Batch 3
Name19,190030019,Batch 3
Name20,190030020,Batch 3
Name21,190030021,Batch 3
Name22,190030022,Batch 3
Name24,190030024,Batch 3
Name17,190030017,Batch 3
Name23,190030023,Batch 3
Name4,190030004,Batch 1
Name6,190030006,Batch 1
Name7,190030007,Batch 1
Name8,190030008,Batch 1
Name13,190030013,Batch 2
Name11,190030011,Batch 2
Name16,190030016,Batch 2
Name9,190030009,Batch 2
Name10,190030010,Batch 2
Name14,190030014,Batch 2
Name15,190030015,Batch 2
Name12,190030012,Batch 2
Name32,190030032,Batch 4
Name29,190030029,Batch 4
Name25,190030025,Batch 4
Name28,190030028,Batch 4
Name27,190030027,Batch 4
Name31,190030031,Batch 4
